Artikelnummer,Produktbezeichnung,Verkaufsbezeichnung kurz,,Verkaufsbezeichnung lang,GTIN (Global Trade Item Number),Hammerbacher PIM ID,Hammerbacher PIM ParentID,Hammerbacher PIM Objektpfad,Kategorie,Produktgruppe,Serie,Unterkategorie,Preis,Preis Einheit,Preis Währung,Lebenszyklus-Status,Abgekündigt zum,Empfohlener Ersatzartikel,Farbe 1 Bezeichnung,Farbe 1,Farbe 1 Oberfläche,Farbe 2 Bezeichnung,Farbe 2,Farbe 2 Oberfläche,Farbe 3 Bezeichnung,Farbe 3,Farbe 3 Oberfläche,Farbe 4 Bezeichnung,Farbe 4,Farbe 4 Oberfläche,Farbe 5 Bezeichnung,Farbe 5,Farbe 5 Oberfläche,Farbe 6 Bezeichnung,Farbe 6,Farbe 6 Oberfläche,Ablagefläche Breite,Ablagefläche Höhe,Ablagefläche Tiefe,Abschließbar,Absenkdämpfung,Anschlussleitung Kabel Länge,Anschlusswert max. (A),Anschlusswert max. (HZ),Anschlusswert max. (V),Anschlusswert min. (HZ),Anschlusswert min. (V),Armlehne,Armlehne abmontierbar,Armlehne Art,Armlehne Auflage,Armlehne höhenverstellbar,Armlehne Material,Aufbauabstand zur Tischplatte,Auflagefläche,Aufstellwinkel,Ausgänge Art,Ausklinkung Kabeldurchführung Breite,Ausklinkung Kabeldurchführung Höhe,Außenmaß Höhe inkl. Halterung,Auszug Technik,Bedienteil,Bedienteil Art,Bedienteil Montage,Befestigungsplatte,Befestigungsplatte Breite,Befestigungsplatte Tiefe,Befestigungsschrauben inkl.,Befestigungsschrauben inkl. Anzahl,Belastbarkeit dynamisch,Belastbarkeit statisch,Bezug Gewicht,Bezug Material,Blende Art,Bluetoothfunktion,Bodenfreiheit/Höhe Rollen,Brandschutzklasse (DIN 4102),Breite,Breite (min.),Displayanzeige,Distanzhalter inkl.,Drehbar,Drehbarkeit,Eckverbindung,Eckwinkel Anzahl,Einbautiefe,Elektrische Schutzklasse (VDE 0140-1),Erinnerungsfunktion,Fachböden Höhenverstellung (Raster),Fachböden Stärke,Fachböden Tragkraft,Fachböden verstellbar Anzahl,Fachbodenträger Anzahl,Fachbodenträger Material,Fächer Anzahl,Faltbar,Farbechtheit nach Automobilstandard,Feste Zwischenböden Anzahl,Feste Zwischenböden Stärke,Feuersicherung,Filzgleiter,Form,Fräsung der Platte inkl.,Fräsung Durchmesser benötigt,Front Stärke,Fuß Form,Füße Anzahl,Füße Oberfläche,Fußgleiter (rutschhemmend),Fußgleiter Anzahl,Fußgleiter Höhe,Fußkreuz/Tellerfuß,Fußkreuz/Tellerfuß Breite,Fußkreuz/Tellerfuß Höhe,Fußkreuz/Tellerfuß Material,Fußkreuz/Tellerfuß Oberfläche,Fußkreuz/Tellerfuß Tiefe,Fußrohr Breite,Fußrohr Tiefe,Fußstütze,Fußstütze Breite,Fußstütze Höhe Oberkante,Fußstütze Tiefe,Geeignet für Tischplattenbreite max.,Geeignet für Tischplattenbreite min.,Geeignet für Tischplattenstärke max.,Geeignet für Tischplattentiefe max.,Geeignet für Tischplattentiefe min.,Gestell Geräuschpegel Bewegung,Gestell Gewicht ohne Traverse,Gestell Höhenverstellung Raster,Gestell Stufen,Gestell Verfahrrichtung,Gestell Verkettung Art,Gewicht pro m²,Gewichtseinstellung mittels Punkt-Synchronmechanik,Gewichtseinstellung mittels Punkt-Synrchonmechanik Art,Griff Art,Griff Bezeichnung,Griff Durchmesser,Griff Höhe,Griff Material,Griff Ringe Anzahl,Größe nach DIN,Gyrosensor,Halterung Art,Halterung inkl.,Hängeregister,Hängeregister - Höhe pro Hängeregister,Hängeregister Belastbarkeit,Hängeregister Einsätze,Hängeregister Front Art,Hängeregister Führung,Hängeregister Ordnerhöhe,Hängeregister Tiefe,Hängeregister Voll-/Teilauszug,Höhe,Höhe (min.),Höheneinstellungsbereich/Hub,Höheneinteilung,Höhenerweitung durch Stahlsockel,Höhenverstellung Art,Horizontale Kabelführung im Fuß,Induktives Laden,Justierbereich +,Justierbereich +/-,Kabelführung Art,Kabelklemmen,Kabelwanne abklappbar,Kabelwanne integriert,Kante Art,Kanten Front Ausführung,Kanten Front Stärke,Kanten hinten Ausführung,Kanten hinten Stärke,Kanten Stärke,Kantenrundung,Klappe Öffnungswinkel,Knieraumblende,Knieraumblende Höhe,Kopfstütze,Kopfstütze Ausführung,Kopfstütze höhenverstellbar,Kopfstütze neigbar,Kopfstütze Oberfläche,Kufe Breite,Kufe Design,Kufe Höhe (inkl. Sockelfuß),Kufe Länge,Kufe/Fuß Material,Ladeleistung,Lichtechtheit (Blaumaßstab) nach ISO 105-B02 (Xenotest),Lichtes Innemaß Breite / Fach,Lichtes Innemaß Breite / Fach (2),Lichtes Innenmaß Höhe / Fach,Lichtes Innenmaß Höhe / Fach (2),Lichtes Innenmaß Tiefe / Fach,Lichtes Innenmaß Tiefe / Fach (2),Lochabstand Länge,Lochreihenbohrung Raster,Lordosen-/Lendenwirbelstütze,Lordosen-/Lendenwirbelstütze höhenverstellbar,Magnete inkl. Anzahl,Material (primär),Material Stärke,max. stapelbare Anzahl,Memoryfunktion,Mittelsäule Material,Mittelsäule Oberfläche,Mittelseite Stärke,Motoren Anzahl,Neigbar,Neigungsbereich,Netzteil,Nutzlast/Belastbarkeit,Oberboden Stärke,Ordnerhöhen Anzahl,Orgaschublade,Pilling (2000 Scheuertouren) nach ISO 12945-2,Plattenhalter Anzahl,Plattenstärke,Plattenträger Breite,Plattenträger Höhe,Plattenträger Länge,Reibechtheit (Graumaßstab) nach ISO 105-X12 (Crockmeter),Rollen,Rollen Anzahl,Rollen Durchmesser,Rollen feststellbar,Rollen für alle Böden geeignet,Rollen Material,Rückenabdeckung Material,Rückenlehne,Rückenlehne arretierbar,Rückenlehne Arretierung,Rückenlehne Art,Rückenlehne Ausführung,Rückenlehne höhenverstellbar,Rückenlehne Höhenverstellbarkeit,Rückstellungsfunktion,Rückwand Art,Rückwand Material,Rückwand Stärke,Sanft-Anlauf/Sanft-Stopp mit Auffahrschutz,Säule Breite,Säule Durchmesser,Säule Form,Säule Material,Säule Tiefe,Schallschutzklasse,Scharniere Art,Scharniere Öffnungswinkel,Schenkel Länge,Scheuerfestigkeit (Scheuertouren),Schloss Art,Schloss Verriegelung,Schlösser gleichschließend,Schlösser verschiedenschließend,Schlüsselabzugssperre,Schnellverschluss,Schübe - Höhe pro Schub,Schübe Anzahl,Schübe Auszüge Art,Schübe Belastbarkeit,Schübe Führung,Schübe lichtes Innemaß Breite,Schübe Lichtes Innenmaß Höhe,Schübe Lichtes Innenmaß Tiefe,Schübe Material,Schübe Ordnerhöhe,Schübe Soft Stopp (gedämpfter Selbsteinzug),Schübe Teilauszug,Schweiz-Adapter notwendig,Seiten Anzahl,Seiten Stärke,Seitenblenden,Seitenteile Winkel,Sitzfläche Breite,Sitzfläche Höhe (max.),Sitzfläche Höhe (min.),Sitzfläche Tiefe,Sitzplatte Material,Sitzpolster Ausführung,Sitzpolster Höhe,Sitzschale Herstellberzeichnung,Sitztiefe verstellbar,Sitztiefenverstellung Art,Sockel Material,Sockelblende,Sockelblende Höhe,Speicherplätze,Stapelbar,Stapelschutz,Stellfüße Anzahl,Stellfüße Durchmesser,Stellfüße Höhe,Stellfüße mit Höhenjustierung,Steuereinheit Duty Cycle,Stromanschluss Anzahl,Stromanschluss Art,Tiefe,Traverse Form,Traverse Höhe,Traverse Material,Traverse Stärke,Traverse Tiefe,Traverse variable Breite,Türanschlag,Türen - Breite pro Türe,Türen - OH pro Türe,Türen Anzahl,Türen einschlagend,Türen Ordnerhöhe gesamt,Türschlagdämpfer,T-Winkel Anzahl,Überlastschutz,Überstand Tischplatte hinten,Unterbau Art,Unterboden Stärke,USB-A Output max. (A),USB-A Output max. (V),USB-C Output max. (A),USB-C Output max. (V),Verbindungselemente Anzahl,Verbindungselemente Art,Verbindungselemente Breite,Verbindungselemente Höhe,Verbindungselemente Tiefe,Verbrauch Betrieb,Verbrauch Standby,Verfahrensgeschwindigkeit ohne Last,Verkettbarkeit,Verkürzte Tischfüße möglich,Versenkbar,Verstellbarkeit,Wandbefestigung inkl.,Wechselseitige Auszugssperre,Zentralverschluss,Zusatzausstattung,Zusätzliche Hinweise,Zusätzliche Stellfüße,Zusätzliche Stellfüße - Höhenerweiterung,Warennummer,Ursprungsland,Ursprungsregion,Bestimmungsregion,Anlieferzustand,Lieferhinweis,Liefermenge Set (bestehend aus Teilen Anzahl),Montage Art,Montagehinweis,Montagematerial,Montagesystem,Montageausrichtung,FSC-zertifiziert,FSC Aussage,FSC Zusatz (COC-Nr.),FSC-Volumen,GS-zertifiziert,GS-Prüfzeichennummer,GS-Zeichen (DIN EN 527-1),TÜV,Funktionsgarantie (Jahre),Recyclatanteil gesamt,Recyclingelemente,Recyclingelemente Recyclatanteil,Recyclingmaterial Information,Oeko-Tex Standard,WEEE-REG.-Nr.,"Festigkeit, Dauerhaltbarkeit und Sicherheit (DIN EN 16139:2014-03)",Markeninformation,Verwendung unter Lizenz,Lizenzinformation,Lizenzinformationen Guidelines,Lizenzinformationen Logos,Gewicht brutto,Gewicht netto,Verpackung Volumen,Packstücke Anzahl,Packstücke (mehrfach),Packstücke (mehrfach) Menge,Packstücke (mehrfach) Abmessungen (LxBxH),Packstücke (mehrfach) Gewicht,Einzelverpackung Höhe,Einzelverpackung Breite,Einzelverpackung Länge,Verpackung Folie Gesamtgewicht,Verpackung Holz Gesamtgewicht,Verpackung Kartonagen Gesamtgewicht,Set-Komponenten,Einzelbild PNG,Einzelbild JPG,Einzelbilder weitere,Detailbild 1,Detailbild 2,Detailbild 3,Detailbild 4,Detailbild 5,Detailbilder gesamt,Milieubild 1,Milieubild 2,Milieubild 3,Milieubilder gesamt,Stellbeispiele,Videos neutral,Videos Hammerbacher
V1606/3/3/BO,Container 1606 Ahorn (Bogen),"Rollcontainer 58cm,3 Schübe BO Ahorn",,"Rollcontainer 1606 BO, 58er Tiefe;Korpus: Ahorn / Front: Ahorn;42,8 x 58 x 59 cm, 1/3/3/3 HE;nicht abschließbar;Bogengriff BO, Kunststoff;Faltschubzarge; Kugelführung, Teilauszug;incl. 3 Schübe;verleimt, 8 mm Sichtrückwand",4032062120200,87262,87267,/73987/87263/87264/87265/87266/87267/87262,Container,Rollcontainer,V1606,Basic,"431,00",Stück,EUR,ist voll lieferbar,,,Korpus,Ahorn,Melaminharzbeschichtung,Front,Ahorn,Melaminharzbeschichtung,,,,,,,,,,,,,,,,nein,,,,,,,,,,,,,,,,,,,,,,,,,,,,,,,,,,,,,,428 mm,,,,,,,,,,,,,,,,,,,,,,,,,,,,,,,,,,,,,,,,,,,,,,,,,,,,,,,,,,,,,BO,,,,,,,,,nein,,,,,,,,,590 mm,,,1/3/3/3 HE,,,,,,,,,,,,,,,,,,,,,,,,,,,,,,,,,,,,,,,,,,,,,,,,,,,,,,,100 kg,,10 HE,ja,,,,,,,,,4,,,,,,,,,,,,,,Sichtrückwand,,,,,,,,,,,,,,,,nein,,,,,4,,8 kg,Holzzargen auf Metallkugelführungen,,,,,,,75 %,,,,,,,,,,,,,,,,,,,,,,,,,,,,,580 mm,,,,,,,,,,,,,,,,,Rollen,,,,,,,,,,,,,,,,,,,nein,,,,nein,,94033019 - 10017t,Slowakei,Bayern,Bayern,verleimt,,,,Rollen/Stellfüße/Griffe Selbstmontage,,,,ja,FSC Mix 70%,SCS-COC-004089,"0,031",nein,,,,,,Schubladen;Utensilienauszüge,100 %,Recycling-Schubladen aus alten Kühlschränken,,,,,,,,,"27,0648 kg","25,8458 kg","194,432 l",1,Container C15S Ahorn;4er Pack Bogengriffe GRBO silber,1;1,490 mm x 640 mm x 620 mm;0 mm x 0 mm x 0 mm,"27,000 kg;0,065 kg",0 mm,0 mm,0 mm,"0,019 kg",0 kg,"1,2 kg",,V1606_3_3_BO.jpg,V1606_3_3_BO.png,,,1606_3_3_RE.jpg,,1606 grau offen.jpg,1606_3_3_RE Utensilienauzug_Schuebe geoeffnet.jpg,1606 Buche offen.jpg;1606_3_3_RE Utensilienauzug_Schub geoeffnet.jpg;1606_3_3_RE.jpg;1606_5_5_RE offen.jpg;1606_6_6_RE offen.jpg;Basic Container 1606_3_BO fond heller_jan.jpg;Basic Container 1606_3_BO.jpg;Basic Container 1606_5_BM.jpg;Basic Container 1606_6 offen.jpg,,,,,,,
V1606/3/3/RE,Container 1606 Ahorn (Reling),"Rollcontainer 58cm,3 Schübe RE Ahorn",,"Rollcontainer 1606 RE, 58er Tiefe;Korpus: Ahorn / Front: Ahorn;42,8 x 58 x 59 cm, 1/3/3/3 HE;nicht abschließbar;Relinggriff;RE, Kunststoff;Faltschubzarge; Kugelführung, Teilauszug;incl. 3 Schübe;verleimt, 8 mm Sichtrückwand",4032062120316,87283,87267,/73987/87263/87264/87265/87266/87267/87283,Container,Rollcontainer,V1606,Basic,"431,00",Stück,EUR,ist voll lieferbar,,,Korpus,Ahorn,Melaminharzbeschichtung,Front,Ahorn,Melaminharzbeschichtung,,,,,,,,,,,,,,,,nein,,,,,,,,,,,,,,,,,,,,,,,,,,,,,,,,,,,,,,428 mm,,,,,,,,,,,,,,,,,,,,,,,,,,,,,,,,,,,,,,,,,,,,,,,,,,,,,,,,,,,,,RE,,,,,,,,,nein,,,,,,,,,590 mm,,,1/3/3/3 HE,,,,,,,,,,,,,,,,,,,,,,,,,,,,,,,,,,,,,,,,,,,,,,,,,,,,,,,100 kg,,10 HE,ja,,,,,,,,,4,,,,,,,,,,,,,,Sichtrückwand,,,,,,,,,,,,,,,,nein,,,,,4,,8 kg,Holzzargen auf Metallkugelführungen,,,,,,,75 %,,,,,,,,,,,,,,,,,,,,,,,,,,,,,580 mm,,,,,,,,,,,,,,,,,Rollen,,,,,,,,,,,,,,,,,,,nein,,,,nein,,94033019 - 10017t,Slowakei,Bayern,Bayern,verleimt,,,,Rollen/Stellfüße/Griffe Selbstmontage,,,,ja,FSC Mix 70%,SCS-COC-004089,"0,031",nein,,,,,,Schubladen;Utensilienauszüge,100 %,Recycling-Schubladen aus alten Kühlschränken,,,,,,,,,"27,124 kg","25,904 kg","194,432 l",1,Container C15S Ahorn;4er Pack Relinggriffe GRRE silber,1;1,490 mm x 640 mm x 620 mm;0 mm x 0 mm x 0 mm,"27,000 kg;0,124 kg",0 mm,0 mm,0 mm,"0,02 kg",0 kg,"1,2 kg",,V1606_3_3_RE.jpg,V1606_3_3_RE.png,,,1606_3_3_RE.jpg,,1606 grau offen.jpg,1606_3_3_RE Utensilienauzug_Schuebe geoeffnet.jpg,1606 Buche offen.jpg;1606_3_3_RE Utensilienauzug_Schub geoeffnet.jpg;1606_3_3_RE.jpg;1606_5_5_RE offen.jpg;1606_6_6_RE offen.jpg;Basic Container 1606_3_BO fond heller_jan.jpg;Basic Container 1606_3_BO.jpg;Basic Container 1606_5_BM.jpg;Basic Container 1606_6 offen.jpg,,,,,,,
V1606/5/5/BO,Container 1606 grau (Bogen),"Rollcontainer 58cm,3 Schübe BO Grau",,"Rollcontainer 1606 BO, 58er Tiefe;Korpus: Grau / Front: Grau;42,8 x 58 x 59 cm, 1/3/3/3 HE;nicht abschließbar;Bogengriff BO, Kunststoff;Faltschubzarge; Kugelführung, Teilauszug;incl. 3 Schübe;verleimt, 8 mm Sichtrückwand",4032062120217,87268,87270,/73987/87263/87264/87265/87269/87270/87268,Container,Rollcontainer,V1606,Basic,"431,00",Stück,EUR,ist voll lieferbar,,,Korpus,Grau,Melaminharzbeschichtung,Front,Grau,Melaminharzbeschichtung,,,,,,,,,,,,,,,,nein,,,,,,,,,,,,,,,,,,,,,,,,,,,,,,,,,,,,,,428 mm,,,,,,,,,,,,,,,,,,,,,,,,,,,,,,,,,,,,,,,,,,,,,,,,,,,,,,,,,,,,,BO,,,,,,,,,nein,,,,,,,,,590 mm,,,1/3/3/3 HE,,,,,,,,,,,,,,,,,,,,,,,,,,,,,,,,,,,,,,,,,,,,,,,,,,,,,,,100 kg,,10 HE,ja,,,,,,,,,4,,,,,,,,,,,,,,Sichtrückwand,,,,,,,,,,,,,,,,nein,,,,,4,,8 kg,Holzzargen auf Metallkugelführungen,,,,,,,75 %,,,,,,,,,,,,,,,,,,,,,,,,,,,,,580 mm,,,,,,,,,,,,,,,,,Rollen,,,,,,,,,,,,,,,,,,,nein,,,,nein,,94033019 - 10017t,Slowakei,Bayern,Bayern,verleimt,,,,Rollen/Stellfüße/Griffe Selbstmontage,,,,ja,FSC Mix 70%,SCS-COC-004089,"0,031",nein,,,,,,Schubladen;Utensilienauszüge,100 %,Recycling-Schubladen aus alten Kühlschränken,,,,,,,,,"27,0648 kg","25,8458 kg","194,432 l",1,Container C15S grau;4er Pack Bogengriffe GRBO silber,1;1,490 mm x 640 mm x 620 mm;0 mm x 0 mm x 0 mm,"27,000 kg;0,065 kg",0 mm,0 mm,0 mm,"0,019 kg",0 kg,"1,2 kg",,V1606_5_5_BO.jpg,V1606_5_5_BO.png,,,1606_3_3_RE.jpg,,1606 grau offen.jpg,1606_3_3_RE Utensilienauzug_Schuebe geoeffnet.jpg,1606 Buche offen.jpg;1606_3_3_RE Utensilienauzug_Schub geoeffnet.jpg;1606_3_3_RE.jpg;1606_5_5_RE offen.jpg;1606_6_6_RE offen.jpg;Basic Container 1606_3_BO fond heller_jan.jpg;Basic Container 1606_3_BO.jpg;Basic Container 1606_5_BM.jpg;Basic Container 1606_6 offen.jpg,,,,,,,
V1606/5/5/RE,Container 1606 grau (Reling),"Rollcontainer 58cm,3 Schübe RE Grau",,"Rollcontainer 1606 RE, 58er Tiefe;Korpus: Grau / Front: Grau;42,8 x 58 x 59 cm, 1/3/3/3 HE;nicht abschließbar;Relinggriff;RE, Kunststoff;Faltschubzarge; Kugelführung, Teilauszug;incl. 3 Schübe;verleimt, 8 mm Sichtrückwand",4032062120323,87284,87270,/73987/87263/87264/87265/87269/87270/87284,Container,Rollcontainer,V1606,Basic,"431,00",Stück,EUR,ist voll lieferbar,,,Korpus,Grau,Melaminharzbeschichtung,Front,Grau,Melaminharzbeschichtung,,,,,,,,,,,,,,,,nein,,,,,,,,,,,,,,,,,,,,,,,,,,,,,,,,,,,,,,428 mm,,,,,,,,,,,,,,,,,,,,,,,,,,,,,,,,,,,,,,,,,,,,,,,,,,,,,,,,,,,,,RE,,,,,,,,,nein,,,,,,,,,590 mm,,,1/3/3/3 HE,,,,,,,,,,,,,,,,,,,,,,,,,,,,,,,,,,,,,,,,,,,,,,,,,,,,,,,100 kg,,10 HE,ja,,,,,,,,,4,,,,,,,,,,,,,,Sichtrückwand,,,,,,,,,,,,,,,,nein,,,,,4,,8 kg,Holzzargen auf Metallkugelführungen,,,,,,,75 %,,,,,,,,,,,,,,,,,,,,,,,,,,,,,580 mm,,,,,,,,,,,,,,,,,Rollen,,,,,,,,,,,,,,,,,,,nein,,,,nein,,94033019 - 10017t,Slowakei,Bayern,Bayern,verleimt,,,,Rollen/Stellfüße/Griffe Selbstmontage,,,,ja,FSC Mix 70%,SCS-COC-004089,"0,031",nein,,,,,,Schubladen;Utensilienauszüge,100 %,Recycling-Schubladen aus alten Kühlschränken,,,,,,,,,"27,124 kg","25,904 kg","194,432 l",1,Container C15S grau;4er Pack Relinggriffe GRRE silber,1;1,490 mm x 640 mm x 620 mm;0 mm x 0 mm x 0 mm,"27,000 kg;0,124 kg",0 mm,0 mm,0 mm,"0,02 kg",0 kg,"1,2 kg",,V1606_5_5_RE.jpg,V1606_5_5_RE.png,,,1606_3_3_RE.jpg,,1606 grau offen.jpg,1606_3_3_RE Utensilienauzug_Schuebe geoeffnet.jpg,1606 Buche offen.jpg;1606_3_3_RE Utensilienauzug_Schub geoeffnet.jpg;1606_3_3_RE.jpg;1606_5_5_RE offen.jpg;1606_6_6_RE offen.jpg;Basic Container 1606_3_BO fond heller_jan.jpg;Basic Container 1606_3_BO.jpg;Basic Container 1606_5_BM.jpg;Basic Container 1606_6 offen.jpg,,,,,,,
V1606/6/6/BO,Container 1606 Buche (Bogen),"Rollcontainer 58cm,3 Schübe BO Buche",,"Rollcontainer 1606 BO, 58er Tiefe;Korpus: Buche / Front: Buche;42,8 x 58 x 59 cm, 1/3/3/3 HE;nicht abschließbar;Bogengriff BO, Kunststoff;Faltschubzarge; Kugelführung, Teilauszug;incl. 3 Schübe;verleimt, 8 mm Sichtrückwand",4032062120224,87271,87273,/73987/87263/87264/87265/87272/87273/87271,Container,Rollcontainer,V1606,Basic,"431,00",Stück,EUR,ist voll lieferbar,,,Korpus,Buche,Melaminharzbeschichtung,Front,Buche,Melaminharzbeschichtung,,,,,,,,,,,,,,,,nein,,,,,,,,,,,,,,,,,,,,,,,,,,,,,,,,,,,,,,428 mm,,,,,,,,,,,,,,,,,,,,,,,,,,,,,,,,,,,,,,,,,,,,,,,,,,,,,,,,,,,,,BO,,,,,,,,,nein,,,,,,,,,590 mm,,,1/3/3/3 HE,,,,,,,,,,,,,,,,,,,,,,,,,,,,,,,,,,,,,,,,,,,,,,,,,,,,,,,100 kg,,10 HE,ja,,,,,,,,,4,,,,,,,,,,,,,,Sichtrückwand,,,,,,,,,,,,,,,,nein,,,,,4,,8 kg,Holzzargen auf Metallkugelführungen,,,,,,,75 %,,,,,,,,,,,,,,,,,,,,,,,,,,,,,580 mm,,,,,,,,,,,,,,,,,Rollen,,,,,,,,,,,,,,,,,,,nein,,,,nein,,94033019 - 10017t,Slowakei,Bayern,Bayern,verleimt,,,,Rollen/Stellfüße/Griffe Selbstmontage,,,,ja,FSC Mix 70%,SCS-COC-004089,"0,031",nein,,,,,,Schubladen;Utensilienauszüge,100 %,Recycling-Schubladen aus alten Kühlschränken,,,,,,,,,"27,0648 kg","25,8458 kg","194,432 l",1,Container C15S Buche;4er Pack Bogengriffe GRBO silber,1;1,490 mm x 640 mm x 620 mm;0 mm x 0 mm x 0 mm,"27,000 kg;0,065 kg",0 mm,0 mm,0 mm,"0,019 kg",0 kg,"1,2 kg",,V1606_6_6_BO.jpg,V1606_6_6_BO.png,,,1606_3_3_RE.jpg,,1606 grau offen.jpg,1606_3_3_RE Utensilienauzug_Schuebe geoeffnet.jpg,1606 Buche offen.jpg;1606_3_3_RE Utensilienauzug_Schub geoeffnet.jpg;1606_3_3_RE.jpg;1606_5_5_RE offen.jpg;1606_6_6_RE offen.jpg;Basic Container 1606_3_BO fond heller_jan.jpg;Basic Container 1606_3_BO.jpg;Basic Container 1606_5_BM.jpg;Basic Container 1606_6 offen.jpg,,,,,,,
V1606/6/6/RE,Container 1606 Buche (Reling),"Rollcontainer 58cm,3 Schübe RE Buche",,"Rollcontainer 1606 RE, 58er Tiefe;Korpus: Buche / Front: Buche;42,8 x 58 x 59 cm, 1/3/3/3 HE;nicht abschließbar;Relinggriff;RE, Kunststoff;Faltschubzarge; Kugelführung, Teilauszug;incl. 3 Schübe;verleimt, 8 mm Sichtrückwand",4032062120330,87285,87273,/73987/87263/87264/87265/87272/87273/87285,Container,Rollcontainer,V1606,Basic,"431,00",Stück,EUR,ist voll lieferbar,,,Korpus,Buche,Melaminharzbeschichtung,Front,Buche,Melaminharzbeschichtung,,,,,,,,,,,,,,,,nein,,,,,,,,,,,,,,,,,,,,,,,,,,,,,,,,,,,,,,428 mm,,,,,,,,,,,,,,,,,,,,,,,,,,,,,,,,,,,,,,,,,,,,,,,,,,,,,,,,,,,,,RE,,,,,,,,,nein,,,,,,,,,590 mm,,,1/3/3/3 HE,,,,,,,,,,,,,,,,,,,,,,,,,,,,,,,,,,,,,,,,,,,,,,,,,,,,,,,100 kg,,10 HE,ja,,,,,,,,,4,,,,,,,,,,,,,,Sichtrückwand,,,,,,,,,,,,,,,,nein,,,,,4,,8 kg,Holzzargen auf Metallkugelführungen,,,,,,,75 %,,,,,,,,,,,,,,,,,,,,,,,,,,,,,580 mm,,,,,,,,,,,,,,,,,Rollen,,,,,,,,,,,,,,,,,,,nein,,,,nein,,94033019 - 10017t,Slowakei,Bayern,Bayern,verleimt,,,,Rollen/Stellfüße/Griffe Selbstmontage,,,,ja,FSC Mix 70%,SCS-COC-004089,"0,031",nein,,,,,,Schubladen;Utensilienauszüge,100 %,Recycling-Schubladen aus alten Kühlschränken,,,,,,,,,"27,124 kg","25,904 kg","194,432 l",1,Container C15S Buche;4er Pack Relinggriffe GRRE silber,1;1,490 mm x 640 mm x 620 mm;0 mm x 0 mm x 0 mm,"27,000 kg;0,124 kg",0 mm,0 mm,0 mm,"0,02 kg",0 kg,"1,2 kg",,V1606_6_6_RE.jpg,V1606_6_6_RE.png,,,1606_3_3_RE.jpg,,1606 grau offen.jpg,1606_3_3_RE Utensilienauzug_Schuebe geoeffnet.jpg,1606 Buche offen.jpg;1606_3_3_RE Utensilienauzug_Schub geoeffnet.jpg;1606_3_3_RE.jpg;1606_5_5_RE offen.jpg;1606_6_6_RE offen.jpg;Basic Container 1606_3_BO fond heller_jan.jpg;Basic Container 1606_3_BO.jpg;Basic Container 1606_5_BM.jpg;Basic Container 1606_6 offen.jpg,,,,,,,
V1606/N/N/BO,Container 1606 Nussbaum(Bogen),"Rollcontainer 58cm,3 Schübe BO Nussbaum",,"Rollcontainer 1606 BO, 58er Tiefe;Korpus: Nussbaum / Front: Nussbaum;42,8 x 58 x 59 cm, 1/3/3/3 HE;nicht abschließbar;Bogengriff BO, Kunststoff;Faltschubzarge; Kugelführung, Teilauszug;incl. 3 Schübe;verleimt, 8 mm Sichtrückwand",4032062120231,87274,87276,/73987/87263/87264/87265/87275/87276/87274,Container,Rollcontainer,V1606,Basic,"431,00",Stück,EUR,ist voll lieferbar,,,Korpus,Nussbaum,Melaminharzbeschichtung,Front,Nussbaum,Melaminharzbeschichtung,,,,,,,,,,,,,,,,nein,,,,,,,,,,,,,,,,,,,,,,,,,,,,,,,,,,,,,,428 mm,,,,,,,,,,,,,,,,,,,,,,,,,,,,,,,,,,,,,,,,,,,,,,,,,,,,,,,,,,,,,BO,,,,,,,,,nein,,,,,,,,,590 mm,,,1/3/3/3 HE,,,,,,,,,,,,,,,,,,,,,,,,,,,,,,,,,,,,,,,,,,,,,,,,,,,,,,,100 kg,,10 HE,ja,,,,,,,,,4,,,,,,,,,,,,,,Sichtrückwand,,,,,,,,,,,,,,,,nein,,,,,4,,8 kg,Holzzargen auf Metallkugelführungen,,,,,,,75 %,,,,,,,,,,,,,,,,,,,,,,,,,,,,,580 mm,,,,,,,,,,,,,,,,,Rollen,,,,,,,,,,,,,,,,,,,nein,,,,nein,,94033019 - 10017t,Slowakei,Bayern,Bayern,verleimt,,,,Rollen/Stellfüße/Griffe Selbstmontage,,,,ja,FSC Mix 70%,SCS-COC-004089,"0,031",nein,,,,,,Schubladen;Utensilienauszüge,100 %,Recycling-Schubladen aus alten Kühlschränken,,,,,,,,,"27,0648 kg","25,8458 kg","194,432 l",1,Container C15S Nussbaum;4er Pack Bogengriffe GRBO silber,1;1,490 mm x 640 mm x 620 mm;0 mm x 0 mm x 0 mm,"27,000 kg;0,065 kg",0 mm,0 mm,0 mm,"0,019 kg",0 kg,"1,2 kg",,V1606_N_N_BO.jpg,V1606_N_N_BO.png,,,1606_3_3_RE.jpg,,1606 grau offen.jpg,1606_3_3_RE Utensilienauzug_Schuebe geoeffnet.jpg,1606 Buche offen.jpg;1606_3_3_RE Utensilienauzug_Schub geoeffnet.jpg;1606_3_3_RE.jpg;1606_5_5_RE offen.jpg;1606_6_6_RE offen.jpg;Basic Container 1606_3_BO fond heller_jan.jpg;Basic Container 1606_3_BO.jpg;Basic Container 1606_5_BM.jpg;Basic Container 1606_6 offen.jpg,,,,,,,
V1606/N/N/RE,Container 1606 Nussb.(Reling),"Rollcontainer 58cm,3 Schübe RE Nussbaum",,"Rollcontainer 1606 RE, 58er Tiefe;Korpus: Nussbaum / Front: Nussbaum;42,8 x 58 x 59 cm, 1/3/3/3 HE;nicht abschließbar;Relinggriff;RE, Kunststoff;Faltschubzarge; Kugelführung, Teilauszug;incl. 3 Schübe;verleimt, 8 mm Sichtrückwand",4032062120354,87286,87276,/73987/87263/87264/87265/87275/87276/87286,Container,Rollcontainer,V1606,Basic,"431,00",Stück,EUR,ist voll lieferbar,,,Korpus,Nussbaum,Melaminharzbeschichtung,Front,Nussbaum,Melaminharzbeschichtung,,,,,,,,,,,,,,,,nein,,,,,,,,,,,,,,,,,,,,,,,,,,,,,,,,,,,,,,428 mm,,,,,,,,,,,,,,,,,,,,,,,,,,,,,,,,,,,,,,,,,,,,,,,,,,,,,,,,,,,,,RE,,,,,,,,,nein,,,,,,,,,590 mm,,,1/3/3/3 HE,,,,,,,,,,,,,,,,,,,,,,,,,,,,,,,,,,,,,,,,,,,,,,,,,,,,,,,100 kg,,10 HE,ja,,,,,,,,,4,,,,,,,,,,,,,,Sichtrückwand,,,,,,,,,,,,,,,,nein,,,,,4,,8 kg,Holzzargen auf Metallkugelführungen,,,,,,,75 %,,,,,,,,,,,,,,,,,,,,,,,,,,,,,580 mm,,,,,,,,,,,,,,,,,Rollen,,,,,,,,,,,,,,,,,,,nein,,,,nein,,94033019 - 10017t,Slowakei,Bayern,Bayern,verleimt,,,,Rollen/Stellfüße/Griffe Selbstmontage,,,,ja,FSC Mix 70%,SCS-COC-004089,"0,031",nein,,,,,,Schubladen;Utensilienauszüge,100 %,Recycling-Schubladen aus alten Kühlschränken,,,,,,,,,"27,124 kg","25,904 kg","194,432 l",1,Container C15S Nussbaum;4er Pack Relinggriffe GRRE silber,1;1,490 mm x 640 mm x 620 mm;0 mm x 0 mm x 0 mm,"27,000 kg;0,124 kg",0 mm,0 mm,0 mm,"0,02 kg",0 kg,"1,2 kg",,V1606_N_N_RE.jpg,V1606_N_N_RE.png,,,1606_3_3_RE.jpg,,1606 grau offen.jpg,1606_3_3_RE Utensilienauzug_Schuebe geoeffnet.jpg,1606 Buche offen.jpg;1606_3_3_RE Utensilienauzug_Schub geoeffnet.jpg;1606_3_3_RE.jpg;1606_5_5_RE offen.jpg;1606_6_6_RE offen.jpg;Basic Container 1606_3_BO fond heller_jan.jpg;Basic Container 1606_3_BO.jpg;Basic Container 1606_5_BM.jpg;Basic Container 1606_6 offen.jpg,,,,,,,
V1606/R/R/BO,Container 1606 Asteiche (Bogen),"Rollcontainer 58cm,3 Schübe BO Asteiche",,"Rollcontainer 1606 BO, 58er Tiefe;Korpus: Asteiche / Front: Asteiche;42,8 x 58 x 59 cm, 1/3/3/3 HE;nicht abschließbar;Bogengriff BO, Kunststoff;Faltschubzarge;Kugelführung, Teilauszug;incl. 3 Schübe;verleimt, 8 mm Sichtrückwand",4032062192313,87280,87282,/73987/87263/87264/87265/87281/87282/87280,Container,Rollcontainer,V1606,Basic,"431,00",Stück,EUR,ist voll lieferbar,,,Korpus,Asteiche,Melaminharzbeschichtung,Front,Asteiche,Melaminharzbeschichtung,,,,,,,,,,,,,,,,nein,,,,,,,,,,,,,,,,,,,,,,,,,,,,,,,,,,,,,,428 mm,,,,,,,,,,,,,,,,,,,,,,,,,,,,,,,,,,,,,,,,,,,,,,,,,,,,,,,,,,,,,BO,,,,,,,,,nein,,,,,,,,,590 mm,,,1/3/3/3 HE,,,,,,,,,,,,,,,,,,,,,,,,,,,,,,,,,,,,,,,,,,,,,,,,,,,,,,,100 kg,,10 HE,ja,,,,,,,,,4,,,,,,,,,,,,,,Sichtrückwand,,,,,,,,,,,,,,,,nein,,,,,4,,8 kg,Holzzargen auf Metallkugelführungen,,,,,,,75 %,,,,,,,,,,,,,,,,,,,,,,,,,,,,,580 mm,,,,,,,,,,,,,,,,,Rollen,,,,,,,,,,,,,,,,,,,nein,,,,nein,,94033019 - 10017t,Slowakei,Bayern,Bayern,verleimt,,,,Rollen/Stellfüße/Griffe Selbstmontage,,,,ja,FSC Mix 70%,SCS-COC-004089,"0,031",nein,,,,,,Schubladen;Utensilienauszüge,100 %,Recycling-Schubladen aus alten Kühlschränken,,,,,,,,,"27,0648 kg","25,8458 kg","194,432 l",1,Container C15S Asteiche;4er Pack Bogengriffe GRBO silber,1;1,490 mm x 640 mm x 620 mm;0 mm x 0 mm x 0 mm,"27,000 kg;0,065 kg",0 mm,0 mm,0 mm,"0,019 kg",0 kg,"1,2 kg",,V1606_R_R_BO.jpg,V1606_R_R_BO.png,,,1606_3_3_RE.jpg,,1606 grau offen.jpg,1606_3_3_RE Utensilienauzug_Schuebe geoeffnet.jpg,1606 Buche offen.jpg;1606_3_3_RE Utensilienauzug_Schub geoeffnet.jpg;1606_3_3_RE.jpg;1606_5_5_RE offen.jpg;1606_6_6_RE offen.jpg;Basic Container 1606_3_BO fond heller_jan.jpg;Basic Container 1606_3_BO.jpg;Basic Container 1606_5_BM.jpg;Basic Container 1606_6 offen.jpg,,,,,,,
V1606/R/R/RE,Container 1606 Asteiche (Reling),"Rollcontainer 58cm,3 Schübe RE Asteiche",,"Rollcontainer 1606 RE, 58er Tiefe;Korpus: Asteiche / Front: Asteiche;42,8 x 58 x 59 cm, 1/3/3/3 HE;nicht abschließbar;Relinggriff;RE, Kunststoff;Faltschubzarge;Kugelführung, Teilauszug;incl. 3 Schübe;verleimt, 8 mm Sichtrückwand",4032062192320,87288,87282,/73987/87263/87264/87265/87281/87282/87288,Container,Rollcontainer,V1606,Basic,"431,00",Stück,EUR,ist voll lieferbar,,,Korpus,Asteiche,Melaminharzbeschichtung,Front,Asteiche,Melaminharzbeschichtung,,,,,,,,,,,,,,,,nein,,,,,,,,,,,,,,,,,,,,,,,,,,,,,,,,,,,,,,428 mm,,,,,,,,,,,,,,,,,,,,,,,,,,,,,,,,,,,,,,,,,,,,,,,,,,,,,,,,,,,,,RE,,,,,,,,,nein,,,,,,,,,590 mm,,,1/3/3/3 HE,,,,,,,,,,,,,,,,,,,,,,,,,,,,,,,,,,,,,,,,,,,,,,,,,,,,,,,100 kg,,10 HE,ja,,,,,,,,,4,,,,,,,,,,,,,,Sichtrückwand,,,,,,,,,,,,,,,,nein,,,,,4,,8 kg,Holzzargen auf Metallkugelführungen,,,,,,,75 %,,,,,,,,,,,,,,,,,,,,,,,,,,,,,580 mm,,,,,,,,,,,,,,,,,Rollen,,,,,,,,,,,,,,,,,,,nein,,,,nein,,94033019 - 10017t,Slowakei,Bayern,Bayern,verleimt,,,,Rollen/Stellfüße/Griffe Selbstmontage,,,,ja,FSC Mix 70%,SCS-COC-004089,"0,031",nein,,,,,,Schubladen;Utensilienauszüge,100 %,Recycling-Schubladen aus alten Kühlschränken,,,,,,,,,"27,124 kg","25,904 kg","194,432 l",1,Container C15S Asteiche;4er Pack Relinggriffe GRRE silber,1;1,490 mm x 640 mm x 620 mm;0 mm x 0 mm x 0 mm,"27,000 kg;0,124 kg",0 mm,0 mm,0 mm,"0,02 kg",0 kg,"1,2 kg",,V1606_R_R_RE.jpg,V1606_R_R_RE.png,,,1606_3_3_RE.jpg,,1606 grau offen.jpg,1606_3_3_RE Utensilienauzug_Schuebe geoeffnet.jpg,1606 Buche offen.jpg;1606_3_3_RE Utensilienauzug_Schub geoeffnet.jpg;1606_3_3_RE.jpg;1606_5_5_RE offen.jpg;1606_6_6_RE offen.jpg;Basic Container 1606_3_BO fond heller_jan.jpg;Basic Container 1606_3_BO.jpg;Basic Container 1606_5_BM.jpg;Basic Container 1606_6 offen.jpg,,,,,,,
V1606/W/W/BO,Container 1606 Weiß (Bogen),"Rollcontainer 58cm,3 Schübe BO Weiß",,"Rollcontainer 1606 BO, 58er Tiefe;Korpus: Weiß / Front: Weiß;42,8 x 58 x 59 cm, 1/3/3/3 HE;nicht abschließbar;Bogengriff BO, Kunststoff;Faltschubzarge;Kugelführung, Teilauszug;incl. 3 Schübe;verleimt, 8 mm Sichtrückwand",4032062192306,87277,87279,/73987/87263/87264/87265/87278/87279/87277,Container,Rollcontainer,V1606,Basic,"431,00",Stück,EUR,ist voll lieferbar,,,Korpus,Weiß,Melaminharzbeschichtung,Front,Weiß,Melaminharzbeschichtung,,,,,,,,,,,,,,,,nein,,,,,,,,,,,,,,,,,,,,,,,,,,,,,,,,,,,,,,428 mm,,,,,,,,,,,,,,,,,,,,,,,,,,,,,,,,,,,,,,,,,,,,,,,,,,,,,,,,,,,,,BO,,,,,,,,,nein,,,,,,,,,590 mm,,,1/3/3/3 HE,,,,,,,,,,,,,,,,,,,,,,,,,,,,,,,,,,,,,,,,,,,,,,,,,,,,,,,100 kg,,10 HE,ja,,,,,,,,,4,,,,,,,,,,,,,,Sichtrückwand,,,,,,,,,,,,,,,,nein,,,,,4,,8 kg,Holzzargen auf Metallkugelführungen,,,,,,,75 %,,,,,,,,,,,,,,,,,,,,,,,,,,,,,580 mm,,,,,,,,,,,,,,,,,Rollen,,,,,,,,,,,,,,,,,,,nein,,,,nein,,94033019 - 10017t,Slowakei,Bayern,Bayern,verleimt,,,,Rollen/Stellfüße/Griffe Selbstmontage,,,,ja,FSC Mix 70%,SCS-COC-004089,"0,031",nein,,,,,,Schubladen;Utensilienauszüge,100 %,Recycling-Schubladen aus alten Kühlschränken,,,,,,,,,"27,0648 kg","25,8458 kg","194,432 l",1,Container C15S Weiß;4er Pack Bogengriffe GRBO silber,1;1,490 mm x 640 mm x 620 mm;0 mm x 0 mm x 0 mm,"27,000 kg;0,065 kg",0 mm,0 mm,0 mm,"0,019 kg",0 kg,"1,2 kg",,V1606_W_W_BO.jpg,V1606_W_W_BO.png,,,1606_3_3_RE.jpg,,1606 grau offen.jpg,1606_3_3_RE Utensilienauzug_Schuebe geoeffnet.jpg,1606 Buche offen.jpg;1606_3_3_RE Utensilienauzug_Schub geoeffnet.jpg;1606_3_3_RE.jpg;1606_5_5_RE offen.jpg;1606_6_6_RE offen.jpg;Basic Container 1606_3_BO fond heller_jan.jpg;Basic Container 1606_3_BO.jpg;Basic Container 1606_5_BM.jpg;Basic Container 1606_6 offen.jpg,,,,,,,
V1606/W/W/RE,Container 1606 Weiß (Reling),"Rollcontainer 58cm,3 Schübe RE Weiß",,"Rollcontainer 1606 RE, 58er Tiefe;Korpus: Weiß / Front: Weiß;42,8 x 58 x 59 cm, 1/3/3/3 HE;nicht abschließbar;Relinggriff;RE, Kunststoff;Faltschubzarge;Kugelführung, Teilauszug;incl. 3 Schübe;verleimt, 8 mm Sichtrückwand",4032062192290,87287,87279,/73987/87263/87264/87265/87278/87279/87287,Container,Rollcontainer,V1606,Basic,"431,00",Stück,EUR,ist voll lieferbar,,,Korpus,Weiß,Melaminharzbeschichtung,Front,Weiß,Melaminharzbeschichtung,,,,,,,,,,,,,,,,nein,,,,,,,,,,,,,,,,,,,,,,,,,,,,,,,,,,,,,,428 mm,,,,,,,,,,,,,,,,,,,,,,,,,,,,,,,,,,,,,,,,,,,,,,,,,,,,,,,,,,,,,RE,,,,,,,,,nein,,,,,,,,,590 mm,,,1/3/3/3 HE,,,,,,,,,,,,,,,,,,,,,,,,,,,,,,,,,,,,,,,,,,,,,,,,,,,,,,,100 kg,,10 HE,ja,,,,,,,,,4,,,,,,,,,,,,,,Sichtrückwand,,,,,,,,,,,,,,,,nein,,,,,4,,8 kg,Holzzargen auf Metallkugelführungen,,,,,,,75 %,,,,,,,,,,,,,,,,,,,,,,,,,,,,,580 mm,,,,,,,,,,,,,,,,,Rollen,,,,,,,,,,,,,,,,,,,nein,,,,nein,,94033019 - 10017t,Slowakei,Bayern,Bayern,verleimt,,,,Rollen/Stellfüße/Griffe Selbstmontage,,,,ja,FSC Mix 70%,SCS-COC-004089,"0,031",nein,,,,,,Schubladen;Utensilienauszüge,100 %,Recycling-Schubladen aus alten Kühlschränken,,,,,,,,,"27,124 kg","25,904 kg","194,432 l",1,Container C15S Weiß;4er Pack Relinggriffe GRRE silber,1;1,490 mm x 640 mm x 620 mm;0 mm x 0 mm x 0 mm,"27,000 kg;0,124 kg",0 mm,0 mm,0 mm,"0,02 kg",0 kg,"1,2 kg",,V1606_W_W_RE.jpg,V1606_W_W_RE.png,,,1606_3_3_RE.jpg,,1606 grau offen.jpg,1606_3_3_RE Utensilienauzug_Schuebe geoeffnet.jpg,1606 Buche offen.jpg;1606_3_3_RE Utensilienauzug_Schub geoeffnet.jpg;1606_3_3_RE.jpg;1606_5_5_RE offen.jpg;1606_6_6_RE offen.jpg;Basic Container 1606_3_BO fond heller_jan.jpg;Basic Container 1606_3_BO.jpg;Basic Container 1606_5_BM.jpg;Basic Container 1606_6 offen.jpg,,,,,,,
V1630/3,Standcontainer 1630 Ahorn,Anstellcontainer Ahorn,,"Anstellcontainer 1630, 2 OH;Farbe: Ahorn;40 x 80 x 72 - 76 cm (BxTxH);anstellbar an einen Schreibtisch;zur idealen Erweiterung der Arbeitsfläche;2-seitig offen, links oder rechts verwendbar;Fachboden verstellbar;Anlieferzustand: zerlegt, einfache Montage",4032062009543,87626,100914,/73987/87263/87627/87628/100914/87626,Container,Anstellcontainer,V1630,Basic,"319,00",Stück,EUR,ist voll lieferbar,,,Korpus,Ahorn,Melaminharzbeschichtung,Front,,keine Referenz,,,,,,,,,,,,,,,,,,,,,,,,,,,,,,,,,,,,,,,,,,,,,,,,,,,,,,400 mm,,,,,,,,,,,,,,2,,,4,,,,,,,,,,,,,,,,,,,,,,,,,,,,,,,,,,,,,,,,,,,,,,,,,,,,,nein,,,,,,,,,720 mm,,,,,,,,,,,,,,,,,,,,,,,,,,,,,,,,,,,,360 mm,432 mm,660 mm,660 mm,332 mm,378 mm,,,,,,,,,,,,16 mm,,,,,,25 mm,,,,,,,,,,,,,,,,,,,,,,,,,Sichtrückwand,,,,,,,,,,,,,,,,nein,,,,,,,,,,,,,,,,,,,,,,,,,,,,,,,,,,,,,,,,,,,,800 mm,,,,,,,,,,,,,,,,,Stellfüße,16 mm,,,,,,,,,,,,,,,,,,nein,,,,nein,,94033019 - 10017t,Slowakei,Bayern,Bayern,zerlegt,,,einfache Montage,Selbstmontage,,,,ja,FSC Mix 70%,SCS-COC-004089,"0,040",nein,,,,,,,,,,,,,,,,,"26,4 kg","24,69 kg","65,25 l",1,Standcontainer 1630 Ahorn,1,870 mm x 500 mm x 150 mm,"26,400 kg",150 mm,500 mm,870 mm,"0,01 kg",0 kg,"1,7 kg",,V1630_3.jpg,V1630_3.png,,V1630_5 Deko.jpg,,,,,B Ahorn + AC+1630 + 1752-53_Ausschnitt fond heller_jan2.jpg;V1630_3_Milieu.jpg;V1630_5_Milieu.jpg;V1630_W_Milieu_.jpg,,,,,,,
V1630/5,Standcontainer 1630 grau,Anstellcontainer Grau,,"Anstellcontainer 1630, 2 OH;Farbe: Grau;40 x 80 x 72 - 76 cm (BxTxH);anstellbar an einen Schreibtisch;zur idealen Erweiterung der Arbeitsfläche;2-seitig offen, links oder rechts verwendbar;Fachboden verstellbar;Anlieferzustand: zerlegt, einfache Montage",4032062000267,87629,100914,/73987/87263/87627/87628/100914/87629,Container,Anstellcontainer,V1630,Basic,"319,00",Stück,EUR,ist voll lieferbar,,,Korpus,Grau,Melaminharzbeschichtung,Front,,keine Referenz,,,,,,,,,,,,,,,,,,,,,,,,,,,,,,,,,,,,,,,,,,,,,,,,,,,,,,400 mm,,,,,,,,,,,,,,2,,,4,,,,,,,,,,,,,,,,,,,,,,,,,,,,,,,,,,,,,,,,,,,,,,,,,,,,,nein,,,,,,,,,720 mm,,,,,,,,,,,,,,,,,,,,,,,,,,,,,,,,,,,,360 mm,432 mm,660 mm,660 mm,332 mm,378 mm,,,,,,,,,,,,16 mm,,,,,,25 mm,,,,,,,,,,,,,,,,,,,,,,,,,Sichtrückwand,,,,,,,,,,,,,,,,nein,,,,,,,,,,,,,,,,,,,,,,,,,,,,,,,,,,,,,,,,,,,,800 mm,,,,,,,,,,,,,,,,,Stellfüße,16 mm,,,,,,,,,,,,,,,,,,nein,,,,nein,,94033019 - 10017t,Slowakei,Bayern,Bayern,zerlegt,,,einfache Montage,Selbstmontage,,,,ja,FSC Mix 70%,SCS-COC-004089,"0,040",nein,,,,,,,,,,,,,,,,,"26,4 kg","24,69 kg","65,25 l",1,Standcontainer 1630 grau,1,870 mm x 500 mm x 150 mm,"26,400 kg",150 mm,500 mm,870 mm,"0,01 kg",0 kg,"1,7 kg",,V1630_5.jpg,V1630_5.png,,V1630_5 Deko.jpg,,,,,B Ahorn + AC+1630 + 1752-53_Ausschnitt fond heller_jan2.jpg;V1630_3_Milieu.jpg;V1630_5_Milieu.jpg;V1630_W_Milieu_.jpg,,,,,,,
V1630/6,Standcontainer 1630 Buche,Anstellcontainer Buche,,"Anstellcontainer 1630, 2 OH;Farbe: Buche;40 x 80 x 72 - 76 cm (BxTxH);anstellbar an einen Schreibtisch;zur idealen Erweiterung der Arbeitsfläche;2-seitig offen, links oder rechts verwendbar;Fachboden verstellbar;Anlieferzustand: zerlegt, einfache Montage",4032062000274,87630,100914,/73987/87263/87627/87628/100914/87630,Container,Anstellcontainer,V1630,Basic,"319,00",Stück,EUR,ist voll lieferbar,,,Korpus,Buche,Melaminharzbeschichtung,Front,,keine Referenz,,,,,,,,,,,,,,,,,,,,,,,,,,,,,,,,,,,,,,,,,,,,,,,,,,,,,,400 mm,,,,,,,,,,,,,,2,,,4,,,,,,,,,,,,,,,,,,,,,,,,,,,,,,,,,,,,,,,,,,,,,,,,,,,,,nein,,,,,,,,,720 mm,,,,,,,,,,,,,,,,,,,,,,,,,,,,,,,,,,,,360 mm,432 mm,660 mm,660 mm,332 mm,378 mm,,,,,,,,,,,,16 mm,,,,,,25 mm,,,,,,,,,,,,,,,,,,,,,,,,,Sichtrückwand,,,,,,,,,,,,,,,,nein,,,,,,,,,,,,,,,,,,,,,,,,,,,,,,,,,,,,,,,,,,,,800 mm,,,,,,,,,,,,,,,,,Stellfüße,16 mm,,,,,,,,,,,,,,,,,,nein,,,,nein,,94033019 - 10017t,Slowakei,Bayern,Bayern,zerlegt,,,einfache Montage,Selbstmontage,,,,ja,FSC Mix 70%,SCS-COC-004089,"0,040",nein,,,,,,,,,,,,,,,,,"26,4 kg","24,69 kg","65,25 l",1,Standcontainer 1630 Buche,1,870 mm x 500 mm x 150 mm,"26,400 kg",150 mm,500 mm,870 mm,"0,01 kg",0 kg,"1,7 kg",,V1630_6.jpg,V1630_6.png,,V1630_5 Deko.jpg,,,,,B Ahorn + AC+1630 + 1752-53_Ausschnitt fond heller_jan2.jpg;V1630_3_Milieu.jpg;V1630_5_Milieu.jpg;V1630_W_Milieu_.jpg,,,,,,,
V1630/E,Standcontainer 1630 Eiche,Anstellcontainer Eiche,,"Anstellcontainer 1630, 2 OH;Farbe: Eiche;40 x 80 x 72 - 76 cm (BxTxH);anstellbar an einen Schreibtisch;zur idealen Erweiterung der Arbeitsfläche;2-seitig offen, links oder rechts verwendbar;Fachboden verstellbar;Anlieferzustand: zerlegt, einfache Montage",4032062176597,87633,100914,/73987/87263/87627/87628/100914/87633,Container,Anstellcontainer,V1630,Basic,"319,00",Stück,EUR,ist voll lieferbar,,,Korpus,Eiche,Melaminharzbeschichtung,Front,,keine Referenz,,,,,,,,,,,,,,,,,,,,,,,,,,,,,,,,,,,,,,,,,,,,,,,,,,,,,,400 mm,,,,,,,,,,,,,,2,,,4,,,,,,,,,,,,,,,,,,,,,,,,,,,,,,,,,,,,,,,,,,,,,,,,,,,,,nein,,,,,,,,,720 mm,,,,,,,,,,,,,,,,,,,,,,,,,,,,,,,,,,,,360 mm,432 mm,660 mm,660 mm,332 mm,378 mm,,,,,,,,,,,,16 mm,,,,,,25 mm,,,,,,,,,,,,,,,,,,,,,,,,,Sichtrückwand,,,,,,,,,,,,,,,,nein,,,,,,,,,,,,,,,,,,,,,,,,,,,,,,,,,,,,,,,,,,,,800 mm,,,,,,,,,,,,,,,,,Stellfüße,16 mm,,,,,,,,,,,,,,,,,,nein,,,,nein,,94033019 - 10017t,Slowakei,Bayern,Bayern,zerlegt,,,einfache Montage,Selbstmontage,,,,ja,FSC Mix 70%,SCS-COC-004089,"0,040",nein,,,,,,,,,,,,,,,,,"26,4 kg","24,69 kg","65,25 l",1,Standcontainer 1630 Eiche,1,870 mm x 500 mm x 150 mm,"26,400 kg",150 mm,500 mm,870 mm,"0,01 kg",0 kg,"1,7 kg",,V1630_E.jpg,V1630_E.png,,V1630_5 Deko.jpg,,,,,B Ahorn + AC+1630 + 1752-53_Ausschnitt fond heller_jan2.jpg;V1630_3_Milieu.jpg;V1630_5_Milieu.jpg;V1630_W_Milieu_.jpg,,,,,,,
V1630/N,Standcontainer 1630 Nussbaum,Anstellcontainer Nussbaum,,"Anstellcontainer 1630, 2 OH;Farbe: Nussbaum;40 x 80 x 72 - 76 cm (BxTxH);anstellbar an einen Schreibtisch;zur idealen Erweiterung der Arbeitsfläche;2-seitig offen, links oder rechts verwendbar;Fachboden verstellbar;Anlieferzustand: zerlegt, einfache Montage",4032062024676,87631,100914,/73987/87263/87627/87628/100914/87631,Container,Anstellcontainer,V1630,Basic,"319,00",Stück,EUR,ist voll lieferbar,,,Korpus,Nussbaum,Melaminharzbeschichtung,Front,,keine Referenz,,,,,,,,,,,,,,,,,,,,,,,,,,,,,,,,,,,,,,,,,,,,,,,,,,,,,,400 mm,,,,,,,,,,,,,,2,,,4,,,,,,,,,,,,,,,,,,,,,,,,,,,,,,,,,,,,,,,,,,,,,,,,,,,,,nein,,,,,,,,,720 mm,,,,,,,,,,,,,,,,,,,,,,,,,,,,,,,,,,,,360 mm,432 mm,660 mm,660 mm,332 mm,378 mm,,,,,,,,,,,,16 mm,,,,,,25 mm,,,,,,,,,,,,,,,,,,,,,,,,,Sichtrückwand,,,,,,,,,,,,,,,,nein,,,,,,,,,,,,,,,,,,,,,,,,,,,,,,,,,,,,,,,,,,,,800 mm,,,,,,,,,,,,,,,,,Stellfüße,16 mm,,,,,,,,,,,,,,,,,,nein,,,,nein,,94033019 - 10017t,Slowakei,Bayern,Bayern,zerlegt,,,einfache Montage,Selbstmontage,,,,ja,FSC Mix 70%,SCS-COC-004089,"0,040",nein,,,,,,,,,,,,,,,,,"26,4 kg","24,69 kg","65,25 l",1,Standcontainer 1630 Nussbaum,1,870 mm x 500 mm x 150 mm,"26,400 kg",150 mm,500 mm,870 mm,"0,01 kg",0 kg,"1,7 kg",,V1630_N.jpg,V1630_N.png,,V1630_5 Deko.jpg,,,,,B Ahorn + AC+1630 + 1752-53_Ausschnitt fond heller_jan2.jpg;V1630_3_Milieu.jpg;V1630_5_Milieu.jpg;V1630_W_Milieu_.jpg,,,,,,,
V1630/W,Standcontainer 1630 weiß,Anstellcontainer Weiß,,"Anstellcontainer 1630, 2 OH;Farbe: Weiß;40 x 80 x 72 - 76 cm (BxTxH);anstellbar an einen Schreibtisch;zur idealen Erweiterung der Arbeitsfläche;2-seitig offen, links oder rechts verwendbar;Fachboden verstellbar;Anlieferzustand: zerlegt, einfache Montage",4032062147139,87632,100914,/73987/87263/87627/87628/100914/87632,Container,Anstellcontainer,V1630,Basic,"319,00",Stück,EUR,ist voll lieferbar,,,Korpus,Weiß,Melaminharzbeschichtung,Front,,keine Referenz,,,,,,,,,,,,,,,,,,,,,,,,,,,,,,,,,,,,,,,,,,,,,,,,,,,,,,400 mm,,,,,,,,,,,,,,2,,,4,,,,,,,,,,,,,,,,,,,,,,,,,,,,,,,,,,,,,,,,,,,,,,,,,,,,,nein,,,,,,,,,720 mm,,,,,,,,,,,,,,,,,,,,,,,,,,,,,,,,,,,,360 mm,432 mm,660 mm,660 mm,332 mm,378 mm,,,,,,,,,,,,16 mm,,,,,,25 mm,,,,,,,,,,,,,,,,,,,,,,,,,Sichtrückwand,,,,,,,,,,,,,,,,nein,,,,,,,,,,,,,,,,,,,,,,,,,,,,,,,,,,,,,,,,,,,,800 mm,,,,,,,,,,,,,,,,,Stellfüße,16 mm,,,,,,,,,,,,,,,,,,nein,,,,nein,,94033019 - 10017t,Slowakei,Bayern,Bayern,zerlegt,,,einfache Montage,Selbstmontage,,,,ja,FSC Mix 70%,SCS-COC-004089,"0,040",nein,,,,,,,,,,,,,,,,,"26,4 kg","24,69 kg","65,25 l",1,Standcontainer 1630 weiß,1,870 mm x 500 mm x 150 mm,"26,400 kg",150 mm,500 mm,870 mm,"0,01 kg",0 kg,"1,7 kg",,V1630_W.jpg,V1630_W.png,,V1630_5 Deko.jpg,,,,,B Ahorn + AC+1630 + 1752-53_Ausschnitt fond heller_jan2.jpg;V1630_3_Milieu.jpg;V1630_5_Milieu.jpg;V1630_W_Milieu_.jpg,,,,,,,
V1679/5,Mehrzwecktisch 1679 grau,Mehrzwecktisch 1679 Grau,,"Mehrzwecktisch 1679;Platte: Grau;Gestell: Grau;73,5 x 40 x 72 cm (BxTxH);Stabile Stahlkonstruktion pulverbeschichtet;Ausführung: 1x Top-Platte, 1x Bodenplatte; Auf 4 Doppelrollen laufend;Anlieferzustand: zerlegt, einfache Montage",4032062000304,99459,100911,/73987/86655/86690/86960/99458/100911/99459,Zubehör,Bürowagen,V1679,,"219,00",Stück,EUR,ist voll lieferbar,,,Farbe,Grau,Melaminharzbeschichtung,Farbe,,keine Referenz,,,,,,,,,,,,,,,,,,,,,,,,,,,,,,,,,,,,,,,,,,,,,,,,,,,,,,735 mm,,,,,,,,,,,,,,,,,,,,,,,,,,,,,,,,,,,,,,,,,,,,,,,,,,,,,,,,,,,,,,,,,,,,,,,,,,,,,,,720 mm,,,,,,,,,,,,,,,,,,,,,,,,,,,,,,,,,,,,,,,,,,,,,,,,,,,,,,,,,,50 kg,,,,,,,,,,,,,,,,,,,,,,,,,,,,,,,,,,,,,,,,,,,,,,,,,,,,,,,,,,,,,,,,,,,,,,,,,,,,,,,,,,,,,,400 mm,,,,,,,,,,,,,,,,,,,,,,,,,,,,,,,,,,,,,,,,,,94033019 - 10017t,Slowakei,Bayern,Bayern,,,,,,,,,ja,FSC Mix 70%,SCS-COC-004089,"0,009",nein,,,,,,,,,,,,,,,,,"12,3 kg","10,99 kg","48,36 l",1,,,,,130 mm,465 mm,800 mm,"0,01 kg",0 kg,"1,3 kg",,V1679_5.jpg,V1679_5.png,,,,,,,,,,,,,,
V1727/S,Ablageauszug 1727 silber,Ablageauszug 1727 Silber,,"Ablageauszug 1727;Dekor: Silber;120 x 40 x 3,8 cm (BxTxH);zum Einbau zwischen;Schiebetürschränke 1752/1753 und 2212S/2312S;oder Rollladenschränke 1732/1733;Ablagefläche ca. 78 x 27 cm;auf hochwertigem Kugelauszug",4032062153673,87159,100896,/73987/86655/86666/87160/87163/100896/87159,Zubehör,Auszugsboden,V1727,,"299,00",Stück,EUR,ist voll lieferbar,,,Farbe,Silber,Melaminharzbeschichtung,Farbe,,keine Referenz,,,,,,,,,,,,,780 mm,,270 mm,,,,,,,,,,,,,,,,,,,,,,Kugelauszug,,,,,,,,,,,,,,,,,1200 mm,,,,,,,,,,,,19 mm,,,,,,,,,,,,,,,16 mm,,,,,,,,,,,,,,,,,,,,,,,,,,,,,,,,,,,,,,,,,,,,,,,,,,,,38 mm,,,,,,,,,,,,,,,,,,,,,,,,,,,,,,,,,,,,,,,,,,,,,,,,,,,,,,,,,,,,,,,,,,,,,,,,,,,,,,,,,,,,,,,,,,,,,,,,,,,,,,,,,,,,,,,,,,,,,,,,,,,,,,,,,,,,,,,ja,,,,,,,,,400 mm,,,,,,,,,,,,,,,,,,,,,,,,,,,,,,,,,,,,,,,,,,94033091 - 10018t,Slowakei,Bayern,Bayern,,,,,,,,,ja,FSC Mix 70%,SCS-COC-004089,"0,015",nein,,,,,,,,,,,,,,,,,"9,8 kg","8,84 kg","28,208 l",1,,,,,80 mm,410 mm,860 mm,"0,01 kg",0 kg,"0,95 kg",,V1727_S.jpg,V1727_S.png,,,,,,,,,,,,,,
V1732F/3,Fachboden Querrollladenschrank Ahorn,Fachboden Querrollladenschrank Ahorn,,"Fachboden 1732F;Dekor: Ahorn;52,4 x 29,4 x 1,6 cm (BxTxH);incl. 4 Fachbodenträger, Metall;für Querrollladenschrank 1732S/1733S;Frontkante 2 mm gerundet;Anlieferzustand: zerlegt",4032062153710,87164,87168,/73987/86655/86666/100895/87165/87168/87164,Zubehör,Fachboden,V1732F,,"71,00",Stück,EUR,ist voll lieferbar,,,Farbe,Ahorn,Melaminharzbeschichtung,Farbe,,keine Referenz,,,,,,,,,,,,,,,,,,,,,,,,,,,,,,,,,,,,,,,,,,,,,,,,,,,,,,524 mm,,,,,,,,,,,,,,,4,,,,,,,,,,,,,,,,,,,,,,,,,,,,,,,,,,,,,,,,,,,,,,,,,,,,,,,,,,,,,,,,16 mm,,,,,,,,,,,,,,,,2 mm,,,,,,,,,,,,,,,,,,,,,,,,,,,,,,,,,,,,,,,,,,,,,,,,,,,,,,,,,,,,,,,,,,,,,,,,,,,,,,,,,,,,,,,,,,,,,,,,,,,,,,,,,,,,,,,,,,,,,,,,,,,,,,,,294 mm,,,,,,,,,,,,,,,,,,,,,,,,,,,,,,,,,,,,,,,,,,94039100 - 10021t,Slowakei,Bayern,Bayern,zerlegt,,,einfache Montage,,,,,ja,FSC Mix 70%,SCS-COC-004089,"0,003",nein,,,,,,,,,,,,,,,,,"1,7212 kg","1,2 kg","4,77 l",1,,,,,0 mm,0 mm,0 mm,0 kg,0 kg,"0,3 kg",,,V1732F_3.png,,,,,,,,,,,,,,
V1732F/5,Fachboden Querrollladenschrank grau,Fachboden Querrollladenschrank Grau,,"Fachboden 1732F;Dekor: Grau;52,4 x 29,4 x 1,6 cm (BxTxH);incl. 4 Fachbodenträger, Metall;für Querrollladenschrank 1732S/1733S;Frontkante 2 mm gerundet;Anlieferzustand: zerlegt",4032062153727,87169,87168,/73987/86655/86666/100895/87165/87168/87169,Zubehör,Fachboden,V1732F,,"71,00",Stück,EUR,ist voll lieferbar,,,Farbe,Grau,Melaminharzbeschichtung,Farbe,,keine Referenz,,,,,,,,,,,,,,,,,,,,,,,,,,,,,,,,,,,,,,,,,,,,,,,,,,,,,,524 mm,,,,,,,,,,,,,,,4,,,,,,,,,,,,,,,,,,,,,,,,,,,,,,,,,,,,,,,,,,,,,,,,,,,,,,,,,,,,,,,,16 mm,,,,,,,,,,,,,,,,2 mm,,,,,,,,,,,,,,,,,,,,,,,,,,,,,,,,,,,,,,,,,,,,,,,,,,,,,,,,,,,,,,,,,,,,,,,,,,,,,,,,,,,,,,,,,,,,,,,,,,,,,,,,,,,,,,,,,,,,,,,,,,,,,,,,294 mm,,,,,,,,,,,,,,,,,,,,,,,,,,,,,,,,,,,,,,,,,,94039100 - 10021t,Slowakei,Bayern,Bayern,zerlegt,,,einfache Montage,,,,,ja,FSC Mix 70%,SCS-COC-004089,"0,003",nein,,,,,,,,,,,,,,,,,"1,7212 kg","1,2 kg","4,77 l",1,,,,,0 mm,0 mm,0 mm,0 kg,0 kg,"0,3 kg",,,V1732F_5.png,,,,,,,,,,,,,,
V1732F/6,Fachboden Querrollladenschrank Buche,Fachboden Querrollladenschrank Buche,,"Fachboden 1732F;Dekor: Buche;52,4 x 29,4 x 1,6 cm (BxTxH);incl. 4 Fachbodenträger, Metall;für Querrollladenschrank 1732S/1733S;Frontkante 2 mm gerundet;Anlieferzustand: zerlegt",4032062153734,87170,87168,/73987/86655/86666/100895/87165/87168/87170,Zubehör,Fachboden,V1732F,,"71,00",Stück,EUR,ist voll lieferbar,,,Farbe,Buche,Melaminharzbeschichtung,Farbe,,keine Referenz,,,,,,,,,,,,,,,,,,,,,,,,,,,,,,,,,,,,,,,,,,,,,,,,,,,,,,524 mm,,,,,,,,,,,,,,,4,,,,,,,,,,,,,,,,,,,,,,,,,,,,,,,,,,,,,,,,,,,,,,,,,,,,,,,,,,,,,,,,16 mm,,,,,,,,,,,,,,,,2 mm,,,,,,,,,,,,,,,,,,,,,,,,,,,,,,,,,,,,,,,,,,,,,,,,,,,,,,,,,,,,,,,,,,,,,,,,,,,,,,,,,,,,,,,,,,,,,,,,,,,,,,,,,,,,,,,,,,,,,,,,,,,,,,,,294 mm,,,,,,,,,,,,,,,,,,,,,,,,,,,,,,,,,,,,,,,,,,94039100 - 10021t,Slowakei,Bayern,Bayern,zerlegt,,,einfache Montage,,,,,ja,FSC Mix 70%,SCS-COC-004089,"0,003",nein,,,,,,,,,,,,,,,,,"1,7212 kg","1,2 kg","4,77 l",1,,,,,0 mm,0 mm,0 mm,0 kg,0 kg,"0,3 kg",,,V1732F_6.png,,,,,,,,,,,,,,
V1732F/G,Fachboden Querrollladenschrank graphit,Fachboden Querrollladenschrank Graphit,,"Fachboden 1732F;Dekor: Graphit;52,4 x 29,4 x 1,6 cm (BxTxH);incl. 4 Fachbodenträger, Metall;für Querrollladenschrank 1732S/1733S;Frontkante 2 mm gerundet;Anlieferzustand: zerlegt",4032062162606,87173,87168,/73987/86655/86666/100895/87165/87168/87173,Zubehör,Fachboden,V1732F,,"71,00",Stück,EUR,ist voll lieferbar,,,Farbe,Graphit,Melaminharzbeschichtung,Farbe,,keine Referenz,,,,,,,,,,,,,,,,,,,,,,,,,,,,,,,,,,,,,,,,,,,,,,,,,,,,,,524 mm,,,,,,,,,,,,,,,4,,,,,,,,,,,,,,,,,,,,,,,,,,,,,,,,,,,,,,,,,,,,,,,,,,,,,,,,,,,,,,,,16 mm,,,,,,,,,,,,,,,,2 mm,,,,,,,,,,,,,,,,,,,,,,,,,,,,,,,,,,,,,,,,,,,,,,,,,,,,,,,,,,,,,,,,,,,,,,,,,,,,,,,,,,,,,,,,,,,,,,,,,,,,,,,,,,,,,,,,,,,,,,,,,,,,,,,,294 mm,,,,,,,,,,,,,,,,,,,,,,,,,,,,,,,,,,,,,,,,,,94039100 - 10021t,Slowakei,Bayern,Bayern,zerlegt,,,einfache Montage,,,,,ja,FSC Mix 70%,SCS-COC-004089,"0,003",nein,,,,,,,,,,,,,,,,,"1,7212 kg","1,2 kg","4,77 l",1,,,,,0 mm,0 mm,0 mm,0 kg,0 kg,"0,3 kg",,,V1732F_G.png,,,,,,,,,,,,,,
V1732F/N,Fachboden Querrollladenschrank Nussbaum,Fachboden Querrollladenschrank Nussbaum,,"Fachboden 1732F;Dekor: Nussbaum;52,4 x 29,4 x 1,6 cm (BxTxH);incl. 4 Fachbodenträger, Metall;für Querrollladenschrank 1732S/1733S;Frontkante 2 mm gerundet;Anlieferzustand: zerlegt",4032062153741,87171,87168,/73987/86655/86666/100895/87165/87168/87171,Zubehör,Fachboden,V1732F,,"71,00",Stück,EUR,ist voll lieferbar,,,Farbe,Nussbaum,Melaminharzbeschichtung,Farbe,,keine Referenz,,,,,,,,,,,,,,,,,,,,,,,,,,,,,,,,,,,,,,,,,,,,,,,,,,,,,,524 mm,,,,,,,,,,,,,,,4,,,,,,,,,,,,,,,,,,,,,,,,,,,,,,,,,,,,,,,,,,,,,,,,,,,,,,,,,,,,,,,,16 mm,,,,,,,,,,,,,,,,2 mm,,,,,,,,,,,,,,,,,,,,,,,,,,,,,,,,,,,,,,,,,,,,,,,,,,,,,,,,,,,,,,,,,,,,,,,,,,,,,,,,,,,,,,,,,,,,,,,,,,,,,,,,,,,,,,,,,,,,,,,,,,,,,,,,294 mm,,,,,,,,,,,,,,,,,,,,,,,,,,,,,,,,,,,,,,,,,,94039100 - 10021t,Slowakei,Bayern,Bayern,zerlegt,,,einfache Montage,,,,,ja,FSC Mix 70%,SCS-COC-004089,"0,003",nein,,,,,,,,,,,,,,,,,"1,7212 kg","1,2 kg","4,77 l",1,,,,,0 mm,0 mm,0 mm,0 kg,0 kg,"0,3 kg",,,V1732F_N.png,,,,,,,,,,,,,,
V1732F/W,Fachboden Querrollladenschrank weiß,Fachboden Querrollladenschrank Weiß,,"Fachboden 1732F;Dekor: Weiß;52,4 x 29,4 x 1,6 cm (BxTxH);incl. 4 Fachbodenträger, Metall;für Querrollladenschrank 1732S/1733S;Frontkante 2 mm gerundet;Anlieferzustand: zerlegt",4032062153758,87172,87168,/73987/86655/86666/100895/87165/87168/87172,Zubehör,Fachboden,V1732F,,"71,00",Stück,EUR,ist voll lieferbar,,,Farbe,Weiß,Melaminharzbeschichtung,Farbe,,keine Referenz,,,,,,,,,,,,,,,,,,,,,,,,,,,,,,,,,,,,,,,,,,,,,,,,,,,,,,524 mm,,,,,,,,,,,,,,,4,,,,,,,,,,,,,,,,,,,,,,,,,,,,,,,,,,,,,,,,,,,,,,,,,,,,,,,,,,,,,,,,16 mm,,,,,,,,,,,,,,,,2 mm,,,,,,,,,,,,,,,,,,,,,,,,,,,,,,,,,,,,,,,,,,,,,,,,,,,,,,,,,,,,,,,,,,,,,,,,,,,,,,,,,,,,,,,,,,,,,,,,,,,,,,,,,,,,,,,,,,,,,,,,,,,,,,,,294 mm,,,,,,,,,,,,,,,,,,,,,,,,,,,,,,,,,,,,,,,,,,94039100 - 10021t,Slowakei,Bayern,Bayern,zerlegt,,,einfache Montage,,,,,ja,FSC Mix 70%,SCS-COC-004089,"0,003",nein,,,,,,,,,,,,,,,,,"1,7212 kg","1,2 kg","4,77 l",1,,,,,0 mm,0 mm,0 mm,0 kg,0 kg,"0,3 kg",,,V1732F_W.png,,,,,,,,,,,,,,